Team #,CMP,Event,P(DCMP)
1086,2022chcmp,FIRST Chesapeake District Championship sponsored by Newport News Shipbuilding,1
1111,2022chcmp,FIRST Chesapeake District Championship sponsored by Newport News Shipbuilding,1
1123,2022chcmp,FIRST Chesapeake District Championship sponsored by Newport News Shipbuilding,1
116,2022chcmp,FIRST Chesapeake District Championship sponsored by Newport News Shipbuilding,1
122,2022chcmp,FIRST Chesapeake District Championship sponsored by Newport News Shipbuilding,1
1262,2022chcmp,FIRST Chesapeake District Championship sponsored by Newport News Shipbuilding,1
1389,2022chcmp,FIRST Chesapeake District Championship sponsored by Newport News Shipbuilding,0
1418,2022chcmp,FIRST Chesapeake District Championship sponsored by Newport News Shipbuilding,0
1522,2022chcmp,FIRST Chesapeake District Championship sponsored by Newport News Shipbuilding,0
1598,2022chcmp,FIRST Chesapeake District Championship sponsored by Newport News Shipbuilding,0
1599,2022chcmp,FIRST Chesapeake District Championship sponsored by Newport News Shipbuilding,1
1610,2022chcmp,FIRST Chesapeake District Championship sponsored by Newport News Shipbuilding,1
1629,2022chcmp,FIRST Chesapeake District Championship sponsored by Newport News Shipbuilding,1
1719,2022chcmp,FIRST Chesapeake District Championship sponsored by Newport News Shipbuilding,1
1727,2022chcmp,FIRST Chesapeake District Championship sponsored by Newport News Shipbuilding,1
1731,2022chcmp,FIRST Chesapeake District Championship sponsored by Newport News Shipbuilding,1
1793,2022chcmp,FIRST Chesapeake District Championship sponsored by Newport News Shipbuilding,0
1885,2022chcmp,FIRST Chesapeake District Championship sponsored by Newport News Shipbuilding,1
1895,2022chcmp,FIRST Chesapeake District Championship sponsored by Newport News Shipbuilding,1
1908,2022chcmp,FIRST Chesapeake District Championship sponsored by Newport News Shipbuilding,1
1915,2022chcmp,FIRST Chesapeake District Championship sponsored by Newport News Shipbuilding,0
2028,2022chcmp,FIRST Chesapeake District Championship sponsored by Newport News Shipbuilding,0
2068,2022chcmp,FIRST Chesapeake District Championship sponsored by Newport News Shipbuilding,1
2106,2022chcmp,FIRST Chesapeake District Championship sponsored by Newport News Shipbuilding,0
2186,2022chcmp,FIRST Chesapeake District Championship sponsored by Newport News Shipbuilding,0
2199,2022chcmp,FIRST Chesapeake District Championship sponsored by Newport News Shipbuilding,1
2363,2022chcmp,FIRST Chesapeake District Championship sponsored by Newport News Shipbuilding,1
2377,2022chcmp,FIRST Chesapeake District Championship sponsored by Newport News Shipbuilding,1
2421,2022chcmp,FIRST Chesapeake District Championship sponsored by Newport News Shipbuilding,1
2534,2022chcmp,FIRST Chesapeake District Championship sponsored by Newport News Shipbuilding,0
2537,2022chcmp,FIRST Chesapeake District Championship sponsored by Newport News Shipbuilding,1
2849,2022chcmp,FIRST Chesapeake District Championship sponsored by Newport News Shipbuilding,0
2890,2022chcmp,FIRST Chesapeake District Championship sponsored by Newport News Shipbuilding,0
2900,2022chcmp,FIRST Chesapeake District Championship sponsored by Newport News Shipbuilding,0
2912,2022chcmp,FIRST Chesapeake District Championship sponsored by Newport News Shipbuilding,0
2914,2022chcmp,FIRST Chesapeake District Championship sponsored by Newport News Shipbuilding,1
2961,2022chcmp,FIRST Chesapeake District Championship sponsored by Newport News Shipbuilding,0
2988,2022chcmp,FIRST Chesapeake District Championship sponsored by Newport News Shipbuilding,0
2998,2022chcmp,FIRST Chesapeake District Championship sponsored by Newport News Shipbuilding,0
3136,2022chcmp,FIRST Chesapeake District Championship sponsored by Newport News Shipbuilding,1
3258,2022chcmp,FIRST Chesapeake District Championship sponsored by Newport News Shipbuilding,0
3274,2022chcmp,FIRST Chesapeake District Championship sponsored by Newport News Shipbuilding,1
3359,2022chcmp,FIRST Chesapeake District Championship sponsored by Newport News Shipbuilding,0
3361,2022chcmp,FIRST Chesapeake District Championship sponsored by Newport News Shipbuilding,0
3373,2022chcmp,FIRST Chesapeake District Championship sponsored by Newport News Shipbuilding,0
3389,2022chcmp,FIRST Chesapeake District Championship sponsored by Newport News Shipbuilding,0
339,2022chcmp,FIRST Chesapeake District Championship sponsored by Newport News Shipbuilding,0
346,2022chcmp,FIRST Chesapeake District Championship sponsored by Newport News Shipbuilding,0
3714,2022chcmp,FIRST Chesapeake District Championship sponsored by Newport News Shipbuilding,0
3748,2022chcmp,FIRST Chesapeake District Championship sponsored by Newport News Shipbuilding,1
3793,2022chcmp,FIRST Chesapeake District Championship sponsored by Newport News Shipbuilding,0
384,2022chcmp,FIRST Chesapeake District Championship sponsored by Newport News Shipbuilding,1
3939,2022chcmp,FIRST Chesapeake District Championship sponsored by Newport News Shipbuilding,1
401,2022chcmp,FIRST Chesapeake District Championship sponsored by Newport News Shipbuilding,1
4099,2022chcmp,FIRST Chesapeake District Championship sponsored by Newport News Shipbuilding,1
422,2022chcmp,FIRST Chesapeake District Championship sponsored by Newport News Shipbuilding,1
4242,2022chcmp,FIRST Chesapeake District Championship sponsored by Newport News Shipbuilding,1
4286,2022chcmp,FIRST Chesapeake District Championship sponsored by Newport News Shipbuilding,1
4456,2022chcmp,FIRST Chesapeake District Championship sponsored by Newport News Shipbuilding,0
4464,2022chcmp,FIRST Chesapeake District Championship sponsored by Newport News Shipbuilding,0
4472,2022chcmp,FIRST Chesapeake District Championship sponsored by Newport News Shipbuilding,1
449,2022chcmp,FIRST Chesapeake District Championship sponsored by Newport News Shipbuilding,1
4505,2022chcmp,FIRST Chesapeake District Championship sponsored by Newport News Shipbuilding,0
4541,2022chcmp,FIRST Chesapeake District Championship sponsored by Newport News Shipbuilding,1
4638,2022chcmp,FIRST Chesapeake District Championship sponsored by Newport News Shipbuilding,1
4821,2022chcmp,FIRST Chesapeake District Championship sponsored by Newport News Shipbuilding,1
5115,2022chcmp,FIRST Chesapeake District Championship sponsored by Newport News Shipbuilding,0
5243,2022chcmp,FIRST Chesapeake District Championship sponsored by Newport News Shipbuilding,1
5338,2022chcmp,FIRST Chesapeake District Championship sponsored by Newport News Shipbuilding,1
539,2022chcmp,FIRST Chesapeake District Championship sponsored by Newport News Shipbuilding,0
540,2022chcmp,FIRST Chesapeake District Championship sponsored by Newport News Shipbuilding,0
5546,2022chcmp,FIRST Chesapeake District Championship sponsored by Newport News Shipbuilding,0
5549,2022chcmp,FIRST Chesapeake District Championship sponsored by Newport News Shipbuilding,1
5587,2022chcmp,FIRST Chesapeake District Championship sponsored by Newport News Shipbuilding,1
5724,2022chcmp,FIRST Chesapeake District Championship sponsored by Newport News Shipbuilding,1
5804,2022chcmp,FIRST Chesapeake District Championship sponsored by Newport News Shipbuilding,1
5830,2022chcmp,FIRST Chesapeake District Championship sponsored by Newport News Shipbuilding,0
5841,2022chcmp,FIRST Chesapeake District Championship sponsored by Newport News Shipbuilding,0
5954,2022chcmp,FIRST Chesapeake District Championship sponsored by Newport News Shipbuilding,0
611,2022chcmp,FIRST Chesapeake District Championship sponsored by Newport News Shipbuilding,0
612,2022chcmp,FIRST Chesapeake District Championship sponsored by Newport News Shipbuilding,1
614,2022chcmp,FIRST Chesapeake District Championship sponsored by Newport News Shipbuilding,1
617,2022chcmp,FIRST Chesapeake District Championship sponsored by Newport News Shipbuilding,0
6189,2022chcmp,FIRST Chesapeake District Championship sponsored by Newport News Shipbuilding,0
619,2022chcmp,FIRST Chesapeake District Championship sponsored by Newport News Shipbuilding,0
6194,2022chcmp,FIRST Chesapeake District Championship sponsored by Newport News Shipbuilding,0
620,2022chcmp,FIRST Chesapeake District Championship sponsored by Newport News Shipbuilding,1
6213,2022chcmp,FIRST Chesapeake District Championship sponsored by Newport News Shipbuilding,0
623,2022chcmp,FIRST Chesapeake District Championship sponsored by Newport News Shipbuilding,1
6239,2022chcmp,FIRST Chesapeake District Championship sponsored by Newport News Shipbuilding,0
6326,2022chcmp,FIRST Chesapeake District Championship sponsored by Newport News Shipbuilding,1
6504,2022chcmp,FIRST Chesapeake District Championship sponsored by Newport News Shipbuilding,1
6802,2022chcmp,FIRST Chesapeake District Championship sponsored by Newport News Shipbuilding,1
686,2022chcmp,FIRST Chesapeake District Championship sponsored by Newport News Shipbuilding,1
6863,2022chcmp,FIRST Chesapeake District Championship sponsored by Newport News Shipbuilding,0
6882,2022chcmp,FIRST Chesapeake District Championship sponsored by Newport News Shipbuilding,0
6893,2022chcmp,FIRST Chesapeake District Championship sponsored by Newport News Shipbuilding,0
7429,2022chcmp,FIRST Chesapeake District Championship sponsored by Newport News Shipbuilding,1
7770,2022chcmp,FIRST Chesapeake District Championship sponsored by Newport News Shipbuilding,1
7886,2022chcmp,FIRST Chesapeake District Championship sponsored by Newport News Shipbuilding,0
8197,2022chcmp,FIRST Chesapeake District Championship sponsored by Newport News Shipbuilding,0
8217,2022chcmp,FIRST Chesapeake District Championship sponsored by Newport News Shipbuilding,0
8230,2022chcmp,FIRST Chesapeake District Championship sponsored by Newport News Shipbuilding,1
8326,2022chcmp,FIRST Chesapeake District Championship sponsored by Newport News Shipbuilding,0
836,2022chcmp,FIRST Chesapeake District Championship sponsored by Newport News Shipbuilding,1
8514,2022chcmp,FIRST Chesapeake District Championship sponsored by Newport News Shipbuilding,0
8590,2022chcmp,FIRST Chesapeake District Championship sponsored by Newport News Shipbuilding,1
8592,2022chcmp,FIRST Chesapeake District Championship sponsored by Newport News Shipbuilding,1
8622,2022chcmp,FIRST Chesapeake District Championship sponsored by Newport News Shipbuilding,1
8703,2022chcmp,FIRST Chesapeake District Championship sponsored by Newport News Shipbuilding,0
8726,2022chcmp,FIRST Chesapeake District Championship sponsored by Newport News Shipbuilding,1
888,2022chcmp,FIRST Chesapeake District Championship sponsored by Newport News Shipbuilding,1
977,2022chcmp,FIRST Chesapeake District Championship sponsored by Newport News Shipbuilding,0
1,2022micmp,FIRST in Michigan State Championship,1
1023,2022micmp,FIRST in Michigan State Championship,1
1025,2022micmp,FIRST in Michigan State Championship,1
107,2022micmp,FIRST in Michigan State Championship,1
1076,2022micmp,FIRST in Michigan State Championship,0
1188,2022micmp,FIRST in Michigan State Championship,1
1189,2022micmp,FIRST in Michigan State Championship,1
123,2022micmp,FIRST in Michigan State Championship,0
1250,2022micmp,FIRST in Michigan State Championship,0
1254,2022micmp,FIRST in Michigan State Championship,0
1322,2022micmp,FIRST in Michigan State Championship,0
141,2022micmp,FIRST in Michigan State Championship,0
1481,2022micmp,FIRST in Michigan State Championship,0
1502,2022micmp,FIRST in Michigan State Championship,1
1504,2022micmp,FIRST in Michigan State Championship,0
1506,2022micmp,FIRST in Michigan State Championship,1
1528,2022micmp,FIRST in Michigan State Championship,0
1596,2022micmp,FIRST in Michigan State Championship,0.8
1684,2022micmp,FIRST in Michigan State Championship,1
1701,2022micmp,FIRST in Michigan State Championship,1
1711,2022micmp,FIRST in Michigan State Championship,1
1718,2022micmp,FIRST in Michigan State Championship,1
1918,2022micmp,FIRST in Michigan State Championship,1
1940,2022micmp,FIRST in Michigan State Championship,0
201,2022micmp,FIRST in Michigan State Championship,1
2048,2022micmp,FIRST in Michigan State Championship,0
2054,2022micmp,FIRST in Michigan State Championship,1
2075,2022micmp,FIRST in Michigan State Championship,1
2137,2022micmp,FIRST in Michigan State Championship,0
2145,2022micmp,FIRST in Michigan State Championship,0
216,2022micmp,FIRST in Michigan State Championship,0
217,2022micmp,FIRST in Michigan State Championship,0
2224,2022micmp,FIRST in Michigan State Championship,0
2246,2022micmp,FIRST in Michigan State Championship,0
226,2022micmp,FIRST in Michigan State Championship,1
2337,2022micmp,FIRST in Michigan State Championship,1
240,2022micmp,FIRST in Michigan State Championship,1
2405,2022micmp,FIRST in Michigan State Championship,1
244,2022micmp,FIRST in Michigan State Championship,0
245,2022micmp,FIRST in Michigan State Championship,1
247,2022micmp,FIRST in Michigan State Championship,0
2586,2022micmp,FIRST in Michigan State Championship,1
2591,2022micmp,FIRST in Michigan State Championship,0
2604,2022micmp,FIRST in Michigan State Championship,0
2611,2022micmp,FIRST in Michigan State Championship,1
2619,2022micmp,FIRST in Michigan State Championship,0
2620,2022micmp,FIRST in Michigan State Championship,1
2673,2022micmp,FIRST in Michigan State Championship,0
27,2022micmp,FIRST in Michigan State Championship,1
2767,2022micmp,FIRST in Michigan State Championship,1
2771,2022micmp,FIRST in Michigan State Championship,1
280,2022micmp,FIRST in Michigan State Championship,0
2832,2022micmp,FIRST in Michigan State Championship,1
2834,2022micmp,FIRST in Michigan State Championship,1
2851,2022micmp,FIRST in Michigan State Championship,0
288,2022micmp,FIRST in Michigan State Championship,0
2959,2022micmp,FIRST in Michigan State Championship,1
2960,2022micmp,FIRST in Michigan State Championship,1
302,2022micmp,FIRST in Michigan State Championship,1
308,2022micmp,FIRST in Michigan State Championship,0
3096,2022micmp,FIRST in Michigan State Championship,0
3098,2022micmp,FIRST in Michigan State Championship,0
313,2022micmp,FIRST in Michigan State Championship,0
314,2022micmp,FIRST in Michigan State Championship,0
3175,2022micmp,FIRST in Michigan State Championship,1
322,2022micmp,FIRST in Michigan State Championship,0
3234,2022micmp,FIRST in Michigan State Championship,0
33,2022micmp,FIRST in Michigan State Championship,1
3302,2022micmp,FIRST in Michigan State Championship,0
3322,2022micmp,FIRST in Michigan State Championship,1
3357,2022micmp,FIRST in Michigan State Championship,1
3414,2022micmp,FIRST in Michigan State Championship,1
3452,2022micmp,FIRST in Michigan State Championship,1
3458,2022micmp,FIRST in Michigan State Championship,0
3534,2022micmp,FIRST in Michigan State Championship,1
3536,2022micmp,FIRST in Michigan State Championship,1
3537,2022micmp,FIRST in Michigan State Championship,1
3538,2022micmp,FIRST in Michigan State Championship,1
3539,2022micmp,FIRST in Michigan State Championship,1
3542,2022micmp,FIRST in Michigan State Championship,0
3546,2022micmp,FIRST in Michigan State Championship,1
3568,2022micmp,FIRST in Michigan State Championship,0
3572,2022micmp,FIRST in Michigan State Championship,1
3602,2022micmp,FIRST in Michigan State Championship,1
3603,2022micmp,FIRST in Michigan State Championship,1
3604,2022micmp,FIRST in Michigan State Championship,1
3618,2022micmp,FIRST in Michigan State Championship,1
3619,2022micmp,FIRST in Michigan State Championship,0
3620,2022micmp,FIRST in Michigan State Championship,1
3632,2022micmp,FIRST in Michigan State Championship,0
3641,2022micmp,FIRST in Michigan State Championship,1
3655,2022micmp,FIRST in Michigan State Championship,1
3656,2022micmp,FIRST in Michigan State Championship,0.8
3658,2022micmp,FIRST in Michigan State Championship,0
3667,2022micmp,FIRST in Michigan State Championship,1
3668,2022micmp,FIRST in Michigan State Championship,1
3688,2022micmp,FIRST in Michigan State Championship,1
3707,2022micmp,FIRST in Michigan State Championship,1
3767,2022micmp,FIRST in Michigan State Championship,1
3770,2022micmp,FIRST in Michigan State Championship,1
3773,2022micmp,FIRST in Michigan State Championship,0
3875,2022micmp,FIRST in Michigan State Championship,1
4003,2022micmp,FIRST in Michigan State Championship,1
4004,2022micmp,FIRST in Michigan State Championship,0
4130,2022micmp,FIRST in Michigan State Championship,1
4216,2022micmp,FIRST in Michigan State Championship,1
4237,2022micmp,FIRST in Michigan State Championship,1
4325,2022micmp,FIRST in Michigan State Championship,1
4327,2022micmp,FIRST in Michigan State Championship,1
4337,2022micmp,FIRST in Michigan State Championship,0
4362,2022micmp,FIRST in Michigan State Championship,1
4375,2022micmp,FIRST in Michigan State Championship,0
4377,2022micmp,FIRST in Michigan State Championship,1
4381,2022micmp,FIRST in Michigan State Championship,1
4382,2022micmp,FIRST in Michigan State Championship,0
4384,2022micmp,FIRST in Michigan State Championship,1
4390,2022micmp,FIRST in Michigan State Championship,0
4391,2022micmp,FIRST in Michigan State Championship,1
4392,2022micmp,FIRST in Michigan State Championship,1
4395,2022micmp,FIRST in Michigan State Championship,0
4398,2022micmp,FIRST in Michigan State Championship,0
4405,2022micmp,FIRST in Michigan State Championship,1
4453,2022micmp,FIRST in Michigan State Championship,1
453,2022micmp,FIRST in Michigan State Championship,0
4568,2022micmp,FIRST in Michigan State Championship,0
4680,2022micmp,FIRST in Michigan State Championship,0
469,2022micmp,FIRST in Michigan State Championship,0
4715,2022micmp,FIRST in Michigan State Championship,0
4737,2022micmp,FIRST in Michigan State Championship,0
4758,2022micmp,FIRST in Michigan State Championship,0
4776,2022micmp,FIRST in Michigan State Championship,1
4779,2022micmp,FIRST in Michigan State Championship,1
4810,2022micmp,FIRST in Michigan State Championship,0
4815,2022micmp,FIRST in Michigan State Championship,0
4827,2022micmp,FIRST in Michigan State Championship,0
4835,2022micmp,FIRST in Michigan State Championship,0
4838,2022micmp,FIRST in Michigan State Championship,0
4851,2022micmp,FIRST in Michigan State Championship,0
4854,2022micmp,FIRST in Michigan State Championship,0
4855,2022micmp,FIRST in Michigan State Championship,0
494,2022micmp,FIRST in Michigan State Championship,1
4956,2022micmp,FIRST in Michigan State Championship,0
4961,2022micmp,FIRST in Michigan State Championship,0
4967,2022micmp,FIRST in Michigan State Championship,1
4970,2022micmp,FIRST in Michigan State Championship,0
4983,2022micmp,FIRST in Michigan State Championship,0
4988,2022micmp,FIRST in Michigan State Championship,0
4994,2022micmp,FIRST in Michigan State Championship,1
4998,2022micmp,FIRST in Michigan State Championship,0
503,2022micmp,FIRST in Michigan State Championship,1
5046,2022micmp,FIRST in Michigan State Championship,1
5048,2022micmp,FIRST in Michigan State Championship,0
5050,2022micmp,FIRST in Michigan State Championship,1
5053,2022micmp,FIRST in Michigan State Championship,0
5056,2022micmp,FIRST in Michigan State Championship,0
5065,2022micmp,FIRST in Michigan State Championship,0
5066,2022micmp,FIRST in Michigan State Championship,0
5067,2022micmp,FIRST in Michigan State Championship,0
5084,2022micmp,FIRST in Michigan State Championship,1
5086,2022micmp,FIRST in Michigan State Championship,1
5090,2022micmp,FIRST in Michigan State Championship,1
51,2022micmp,FIRST in Michigan State Championship,1
5110,2022micmp,FIRST in Michigan State Championship,0
5114,2022micmp,FIRST in Michigan State Championship,1
5144,2022micmp,FIRST in Michigan State Championship,0
5150,2022micmp,FIRST in Michigan State Championship,1
5152,2022micmp,FIRST in Michigan State Championship,1
5162,2022micmp,FIRST in Michigan State Championship,0
5166,2022micmp,FIRST in Michigan State Championship,1
5167,2022micmp,FIRST in Michigan State Championship,1
5182,2022micmp,FIRST in Michigan State Championship,0
5183,2022micmp,FIRST in Michigan State Championship,0
5193,2022micmp,FIRST in Michigan State Championship,0
5197,2022micmp,FIRST in Michigan State Championship,0
5203,2022micmp,FIRST in Michigan State Championship,0
5205,2022micmp,FIRST in Michigan State Championship,1
5213,2022micmp,FIRST in Michigan State Championship,0
5214,2022micmp,FIRST in Michigan State Championship,0
5215,2022micmp,FIRST in Michigan State Championship,0
5216,2022micmp,FIRST in Michigan State Championship,1
5217,2022micmp,FIRST in Michigan State Championship,0
5224,2022micmp,FIRST in Michigan State Championship,0
5225,2022micmp,FIRST in Michigan State Championship,0
5229,2022micmp,FIRST in Michigan State Championship,0
5230,2022micmp,FIRST in Michigan State Championship,0
5231,2022micmp,FIRST in Michigan State Championship,0
5234,2022micmp,FIRST in Michigan State Championship,0
5235,2022micmp,FIRST in Michigan State Championship,0
5238,2022micmp,FIRST in Michigan State Championship,0
5239,2022micmp,FIRST in Michigan State Championship,0
5247,2022micmp,FIRST in Michigan State Championship,0
5255,2022micmp,FIRST in Michigan State Championship,0
5256,2022micmp,FIRST in Michigan State Championship,0
5260,2022micmp,FIRST in Michigan State Championship,0.8
5263,2022micmp,FIRST in Michigan State Championship,0
5282,2022micmp,FIRST in Michigan State Championship,0
5314,2022micmp,FIRST in Michigan State Championship,1
5424,2022micmp,FIRST in Michigan State Championship,0
5436,2022micmp,FIRST in Michigan State Championship,0
5448,2022micmp,FIRST in Michigan State Championship,0
5460,2022micmp,FIRST in Michigan State Championship,1
5462,2022micmp,FIRST in Michigan State Championship,1
5467,2022micmp,FIRST in Michigan State Championship,0
5470,2022micmp,FIRST in Michigan State Championship,0
5478,2022micmp,FIRST in Michigan State Championship,0
548,2022micmp,FIRST in Michigan State Championship,0
5486,2022micmp,FIRST in Michigan State Championship,0
5498,2022micmp,FIRST in Michigan State Championship,1
5501,2022micmp,FIRST in Michigan State Championship,0
5504,2022micmp,FIRST in Michigan State Championship,0
5505,2022micmp,FIRST in Michigan State Championship,1
5509,2022micmp,FIRST in Michigan State Championship,1
5517,2022micmp,FIRST in Michigan State Championship,0
5523,2022micmp,FIRST in Michigan State Championship,0
5525,2022micmp,FIRST in Michigan State Championship,1
5527,2022micmp,FIRST in Michigan State Championship,0
5530,2022micmp,FIRST in Michigan State Championship,0
5531,2022micmp,FIRST in Michigan State Championship,0
5532,2022micmp,FIRST in Michigan State Championship,0
5533,2022micmp,FIRST in Michigan State Championship,0
5534,2022micmp,FIRST in Michigan State Championship,0
5535,2022micmp,FIRST in Michigan State Championship,1
5538,2022micmp,FIRST in Michigan State Championship,1
5547,2022micmp,FIRST in Michigan State Championship,1
5555,2022micmp,FIRST in Michigan State Championship,0
5559,2022micmp,FIRST in Michigan State Championship,0
5561,2022micmp,FIRST in Michigan State Championship,0
5562,2022micmp,FIRST in Michigan State Championship,0
5567,2022micmp,FIRST in Michigan State Championship,0
5577,2022micmp,FIRST in Michigan State Championship,1
5603,2022micmp,FIRST in Michigan State Championship,1
5610,2022micmp,FIRST in Michigan State Championship,0
5612,2022micmp,FIRST in Michigan State Championship,1
5619,2022micmp,FIRST in Michigan State Championship,0
5623,2022micmp,FIRST in Michigan State Championship,1
5641,2022micmp,FIRST in Michigan State Championship,0
5642,2022micmp,FIRST in Michigan State Championship,0
5660,2022micmp,FIRST in Michigan State Championship,1
5674,2022micmp,FIRST in Michigan State Championship,0
5675,2022micmp,FIRST in Michigan State Championship,1
5676,2022micmp,FIRST in Michigan State Championship,0
5695,2022micmp,FIRST in Michigan State Championship,0
5697,2022micmp,FIRST in Michigan State Championship,0
5702,2022micmp,FIRST in Michigan State Championship,0
5704,2022micmp,FIRST in Michigan State Championship,0
5706,2022micmp,FIRST in Michigan State Championship,0
5708,2022micmp,FIRST in Michigan State Championship,0
5709,2022micmp,FIRST in Michigan State Championship,0
5712,2022micmp,FIRST in Michigan State Championship,1
5714,2022micmp,FIRST in Michigan State Championship,0
573,2022micmp,FIRST in Michigan State Championship,1
5756,2022micmp,FIRST in Michigan State Championship,0
5843,2022micmp,FIRST in Michigan State Championship,0
5860,2022micmp,FIRST in Michigan State Championship,0
5878,2022micmp,FIRST in Michigan State Championship,0
5901,2022micmp,FIRST in Michigan State Championship,0
5907,2022micmp,FIRST in Michigan State Championship,0
5915,2022micmp,FIRST in Michigan State Championship,0
5926,2022micmp,FIRST in Michigan State Championship,1
5927,2022micmp,FIRST in Michigan State Championship,0
5980,2022micmp,FIRST in Michigan State Championship,1
5982,2022micmp,FIRST in Michigan State Championship,0
6002,2022micmp,FIRST in Michigan State Championship,1
6005,2022micmp,FIRST in Michigan State Championship,0
6020,2022micmp,FIRST in Michigan State Championship,0
6029,2022micmp,FIRST in Michigan State Championship,0
6033,2022micmp,FIRST in Michigan State Championship,1
6043,2022micmp,FIRST in Michigan State Championship,0
6057,2022micmp,FIRST in Michigan State Championship,0
6066,2022micmp,FIRST in Michigan State Championship,0
6067,2022micmp,FIRST in Michigan State Championship,0
6071,2022micmp,FIRST in Michigan State Championship,0
6073,2022micmp,FIRST in Michigan State Championship,0
6077,2022micmp,FIRST in Michigan State Championship,0
6078,2022micmp,FIRST in Michigan State Championship,1
6079,2022micmp,FIRST in Michigan State Championship,0
6081,2022micmp,FIRST in Michigan State Championship,1
6085,2022micmp,FIRST in Michigan State Championship,1
6087,2022micmp,FIRST in Michigan State Championship,1
6088,2022micmp,FIRST in Michigan State Championship,1
6089,2022micmp,FIRST in Michigan State Championship,0
6090,2022micmp,FIRST in Michigan State Championship,1
6091,2022micmp,FIRST in Michigan State Championship,0
6092,2022micmp,FIRST in Michigan State Championship,0
6093,2022micmp,FIRST in Michigan State Championship,0
6096,2022micmp,FIRST in Michigan State Championship,0
6097,2022micmp,FIRST in Michigan State Championship,0
6098,2022micmp,FIRST in Michigan State Championship,0
6099,2022micmp,FIRST in Michigan State Championship,0
6100,2022micmp,FIRST in Michigan State Championship,0
6101,2022micmp,FIRST in Michigan State Championship,0
6102,2022micmp,FIRST in Michigan State Championship,0
6112,2022micmp,FIRST in Michigan State Championship,1
6113,2022micmp,FIRST in Michigan State Championship,0
6114,2022micmp,FIRST in Michigan State Championship,0
6120,2022micmp,FIRST in Michigan State Championship,1
6121,2022micmp,FIRST in Michigan State Championship,0
6122,2022micmp,FIRST in Michigan State Championship,0.8
6128,2022micmp,FIRST in Michigan State Championship,0
6150,2022micmp,FIRST in Michigan State Championship,0
6152,2022micmp,FIRST in Michigan State Championship,0
6190,2022micmp,FIRST in Michigan State Championship,0
6344,2022micmp,FIRST in Michigan State Championship,0.8
6345,2022micmp,FIRST in Michigan State Championship,0
6428,2022micmp,FIRST in Michigan State Championship,0
6528,2022micmp,FIRST in Michigan State Championship,0
6532,2022micmp,FIRST in Michigan State Championship,0
6533,2022micmp,FIRST in Michigan State Championship,0
6538,2022micmp,FIRST in Michigan State Championship,0
6548,2022micmp,FIRST in Michigan State Championship,0
6552,2022micmp,FIRST in Michigan State Championship,0
6556,2022micmp,FIRST in Michigan State Championship,0
6558,2022micmp,FIRST in Michigan State Championship,0
6561,2022micmp,FIRST in Michigan State Championship,0
6566,2022micmp,FIRST in Michigan State Championship,0
6569,2022micmp,FIRST in Michigan State Championship,1
6570,2022micmp,FIRST in Michigan State Championship,0
6580,2022micmp,FIRST in Michigan State Championship,1
6581,2022micmp,FIRST in Michigan State Championship,0
6588,2022micmp,FIRST in Michigan State Championship,0
6591,2022micmp,FIRST in Michigan State Championship,0
66,2022micmp,FIRST in Michigan State Championship,0
6610,2022micmp,FIRST in Michigan State Championship,0
6615,2022micmp,FIRST in Michigan State Championship,0
6616,2022micmp,FIRST in Michigan State Championship,0
6618,2022micmp,FIRST in Michigan State Championship,1
6631,2022micmp,FIRST in Michigan State Championship,0
6637,2022micmp,FIRST in Michigan State Championship,1
6642,2022micmp,FIRST in Michigan State Championship,1
67,2022micmp,FIRST in Michigan State Championship,1
6753,2022micmp,FIRST in Michigan State Championship,1
68,2022micmp,FIRST in Michigan State Championship,0
6861,2022micmp,FIRST in Michigan State Championship,1
6877,2022micmp,FIRST in Michigan State Championship,0
6914,2022micmp,FIRST in Michigan State Championship,0
6963,2022micmp,FIRST in Michigan State Championship,0
70,2022micmp,FIRST in Michigan State Championship,1
7020,2022micmp,FIRST in Michigan State Championship,0
7054,2022micmp,FIRST in Michigan State Championship,1
7056,2022micmp,FIRST in Michigan State Championship,1
7109,2022micmp,FIRST in Michigan State Championship,0
7144,2022micmp,FIRST in Michigan State Championship,0
7145,2022micmp,FIRST in Michigan State Championship,0
7147,2022micmp,FIRST in Michigan State Championship,0
7154,2022micmp,FIRST in Michigan State Championship,0
7155,2022micmp,FIRST in Michigan State Championship,0
7156,2022micmp,FIRST in Michigan State Championship,0
7160,2022micmp,FIRST in Michigan State Championship,1
7166,2022micmp,FIRST in Michigan State Championship,0
7174,2022micmp,FIRST in Michigan State Championship,0
7178,2022micmp,FIRST in Michigan State Championship,1
7188,2022micmp,FIRST in Michigan State Championship,0
7191,2022micmp,FIRST in Michigan State Championship,1
7192,2022micmp,FIRST in Michigan State Championship,0
7195,2022micmp,FIRST in Michigan State Championship,0
7196,2022micmp,FIRST in Michigan State Championship,0
7197,2022micmp,FIRST in Michigan State Championship,0
7202,2022micmp,FIRST in Michigan State Championship,0
7203,2022micmp,FIRST in Michigan State Championship,0
7208,2022micmp,FIRST in Michigan State Championship,0
7209,2022micmp,FIRST in Michigan State Championship,0
7210,2022micmp,FIRST in Michigan State Championship,0
7211,2022micmp,FIRST in Michigan State Championship,1
7220,2022micmp,FIRST in Michigan State Championship,0
7221,2022micmp,FIRST in Michigan State Championship,0
7224,2022micmp,FIRST in Michigan State Championship,0
7225,2022micmp,FIRST in Michigan State Championship,0
7226,2022micmp,FIRST in Michigan State Championship,0
7232,2022micmp,FIRST in Michigan State Championship,0
7234,2022micmp,FIRST in Michigan State Championship,0
7244,2022micmp,FIRST in Michigan State Championship,1
7247,2022micmp,FIRST in Michigan State Championship,0
7248,2022micmp,FIRST in Michigan State Championship,0
7250,2022micmp,FIRST in Michigan State Championship,0
7254,2022micmp,FIRST in Michigan State Championship,0
7256,2022micmp,FIRST in Michigan State Championship,0
7289,2022micmp,FIRST in Michigan State Championship,0
74,2022micmp,FIRST in Michigan State Championship,1
7491,2022micmp,FIRST in Michigan State Championship,0
7495,2022micmp,FIRST in Michigan State Championship,0
7501,2022micmp,FIRST in Michigan State Championship,0
7553,2022micmp,FIRST in Michigan State Championship,0
7597,2022micmp,FIRST in Michigan State Championship,0
7598,2022micmp,FIRST in Michigan State Championship,0
7602,2022micmp,FIRST in Michigan State Championship,0
7656,2022micmp,FIRST in Michigan State Championship,0
7658,2022micmp,FIRST in Michigan State Championship,0
7660,2022micmp,FIRST in Michigan State Championship,1
7665,2022micmp,FIRST in Michigan State Championship,0
7689,2022micmp,FIRST in Michigan State Championship,0
7692,2022micmp,FIRST in Michigan State Championship,0
7713,2022micmp,FIRST in Michigan State Championship,0
7716,2022micmp,FIRST in Michigan State Championship,0
7762,2022micmp,FIRST in Michigan State Championship,0
7768,2022micmp,FIRST in Michigan State Championship,0
7769,2022micmp,FIRST in Michigan State Championship,0
7772,2022micmp,FIRST in Michigan State Championship,0
7782,2022micmp,FIRST in Michigan State Championship,1
7784,2022micmp,FIRST in Michigan State Championship,0
7790,2022micmp,FIRST in Michigan State Championship,0
7791,2022micmp,FIRST in Michigan State Championship,0
7794,2022micmp,FIRST in Michigan State Championship,0
7809,2022micmp,FIRST in Michigan State Championship,0
7810,2022micmp,FIRST in Michigan State Championship,0
7811,2022micmp,FIRST in Michigan State Championship,0
7814,2022micmp,FIRST in Michigan State Championship,0
7818,2022micmp,FIRST in Michigan State Championship,0
7823,2022micmp,FIRST in Michigan State Championship,0
7826,2022micmp,FIRST in Michigan State Championship,0
7827,2022micmp,FIRST in Michigan State Championship,0
7854,2022micmp,FIRST in Michigan State Championship,0
7855,2022micmp,FIRST in Michigan State Championship,0
7856,2022micmp,FIRST in Michigan State Championship,0
7861,2022micmp,FIRST in Michigan State Championship,0
7865,2022micmp,FIRST in Michigan State Championship,0
7911,2022micmp,FIRST in Michigan State Championship,0
8041,2022micmp,FIRST in Michigan State Championship,0
8115,2022micmp,FIRST in Michigan State Championship,0
8124,2022micmp,FIRST in Michigan State Championship,0
8126,2022micmp,FIRST in Michigan State Championship,0
815,2022micmp,FIRST in Michigan State Championship,0
8179,2022micmp,FIRST in Michigan State Championship,0
818,2022micmp,FIRST in Michigan State Championship,1
8193,2022micmp,FIRST in Michigan State Championship,0
8268,2022micmp,FIRST in Michigan State Championship,0
8280,2022micmp,FIRST in Michigan State Championship,0
8285,2022micmp,FIRST in Michigan State Championship,0
8286,2022micmp,FIRST in Michigan State Championship,0
8297,2022micmp,FIRST in Michigan State Championship,0
8299,2022micmp,FIRST in Michigan State Championship,0
830,2022micmp,FIRST in Michigan State Championship,0
8300,2022micmp,FIRST in Michigan State Championship,0
8314,2022micmp,FIRST in Michigan State Championship,0
8332,2022micmp,FIRST in Michigan State Championship,1
8342,2022micmp,FIRST in Michigan State Championship,0
8352,2022micmp,FIRST in Michigan State Championship,1
8361,2022micmp,FIRST in Michigan State Championship,0
8362,2022micmp,FIRST in Michigan State Championship,0
8364,2022micmp,FIRST in Michigan State Championship,0
8368,2022micmp,FIRST in Michigan State Championship,1
8373,2022micmp,FIRST in Michigan State Championship,0
8374,2022micmp,FIRST in Michigan State Championship,0
8377,2022micmp,FIRST in Michigan State Championship,0
8379,2022micmp,FIRST in Michigan State Championship,0
8382,2022micmp,FIRST in Michigan State Championship,0
8385,2022micmp,FIRST in Michigan State Championship,0
8397,2022micmp,FIRST in Michigan State Championship,0
8423,2022micmp,FIRST in Michigan State Championship,0
8424,2022micmp,FIRST in Michigan State Championship,0
8425,2022micmp,FIRST in Michigan State Championship,1
8426,2022micmp,FIRST in Michigan State Championship,0
8427,2022micmp,FIRST in Michigan State Championship,0
85,2022micmp,FIRST in Michigan State Championship,1
8517,2022micmp,FIRST in Michigan State Championship,1
8519,2022micmp,FIRST in Michigan State Championship,0
857,2022micmp,FIRST in Michigan State Championship,1
858,2022micmp,FIRST in Michigan State Championship,1
8608,2022micmp,FIRST in Michigan State Championship,0
8611,2022micmp,FIRST in Michigan State Championship,0
8612,2022micmp,FIRST in Michigan State Championship,1
862,2022micmp,FIRST in Michigan State Championship,1
8623,2022micmp,FIRST in Michigan State Championship,0
8728,2022micmp,FIRST in Michigan State Championship,1
8767,2022micmp,FIRST in Michigan State Championship,0
8774,2022micmp,FIRST in Michigan State Championship,0
8826,2022micmp,FIRST in Michigan State Championship,0
8830,2022micmp,FIRST in Michigan State Championship,0
8832,2022micmp,FIRST in Michigan State Championship,0
8854,2022micmp,FIRST in Michigan State Championship,0
8873,2022micmp,FIRST in Michigan State Championship,1
8895,2022micmp,FIRST in Michigan State Championship,0
8899,2022micmp,FIRST in Michigan State Championship,0
894,2022micmp,FIRST in Michigan State Championship,1
904,2022micmp,FIRST in Michigan State Championship,0
910,2022micmp,FIRST in Michigan State Championship,1
94,2022micmp,FIRST in Michigan State Championship,0
1018,2022incmp,FIRST Indiana State Championship,1
1024,2022incmp,FIRST Indiana State Championship,1
135,2022incmp,FIRST Indiana State Championship,1
1501,2022incmp,FIRST Indiana State Championship,1
1529,2022incmp,FIRST Indiana State Championship,0
1555,2022incmp,FIRST Indiana State Championship,0
1646,2022incmp,FIRST Indiana State Championship,0
1720,2022incmp,FIRST Indiana State Championship,1
1741,2022incmp,FIRST Indiana State Championship,1
1747,2022incmp,FIRST Indiana State Championship,0
2171,2022incmp,FIRST Indiana State Championship,0
2197,2022incmp,FIRST Indiana State Championship,0
234,2022incmp,FIRST Indiana State Championship,1
2867,2022incmp,FIRST Indiana State Championship,0
292,2022incmp,FIRST Indiana State Championship,1
3147,2022incmp,FIRST Indiana State Championship,1
3176,2022incmp,FIRST Indiana State Championship,1
3487,2022incmp,FIRST Indiana State Championship,1
3494,2022incmp,FIRST Indiana State Championship,1
3559,2022incmp,FIRST Indiana State Championship,0
3865,2022incmp,FIRST Indiana State Championship,0
3936,2022incmp,FIRST Indiana State Championship,0
3940,2022incmp,FIRST Indiana State Championship,1
4272,2022incmp,FIRST Indiana State Championship,1
447,2022incmp,FIRST Indiana State Championship,1
4485,2022incmp,FIRST Indiana State Championship,0
45,2022incmp,FIRST Indiana State Championship,1
461,2022incmp,FIRST Indiana State Championship,1
4926,2022incmp,FIRST Indiana State Championship,1
4982,2022incmp,FIRST Indiana State Championship,1
5010,2022incmp,FIRST Indiana State Championship,1
5188,2022incmp,FIRST Indiana State Championship,0.415
5402,2022incmp,FIRST Indiana State Championship,0
5484,2022incmp,FIRST Indiana State Championship,1
6451,2022incmp,FIRST Indiana State Championship,0
6498,2022incmp,FIRST Indiana State Championship,1
6721,2022incmp,FIRST Indiana State Championship,0
6956,2022incmp,FIRST Indiana State Championship,1
71,2022incmp,FIRST Indiana State Championship,0
7198,2022incmp,FIRST Indiana State Championship,1
7454,2022incmp,FIRST Indiana State Championship,1
7457,2022incmp,FIRST Indiana State Championship,1
7477,2022incmp,FIRST Indiana State Championship,0
7617,2022incmp,FIRST Indiana State Championship,1
7657,2022incmp,FIRST Indiana State Championship,0
8103,2022incmp,FIRST Indiana State Championship,0
8116,2022incmp,FIRST Indiana State Championship,1
8232,2022incmp,FIRST Indiana State Championship,0.610767
829,2022incmp,FIRST Indiana State Championship,1
8564,2022incmp,FIRST Indiana State Championship,1
868,2022incmp,FIRST Indiana State Championship,1
8742,2022incmp,FIRST Indiana State Championship,1
1164,2022txcmp,FIRST In Texas District Championship,0
118,2022txcmp,FIRST In Texas District Championship,1
1255,2022txcmp,FIRST In Texas District Championship,1
1296,2022txcmp,FIRST In Texas District Championship,1
1477,2022txcmp,FIRST In Texas District Championship,1
148,2022txcmp,FIRST In Texas District Championship,1
1745,2022txcmp,FIRST In Texas District Championship,1
2158,2022txcmp,FIRST In Texas District Championship,1
231,2022txcmp,FIRST In Texas District Championship,1
2468,2022txcmp,FIRST In Texas District Championship,1
2582,2022txcmp,FIRST In Texas District Championship,1
2583,2022txcmp,FIRST In Texas District Championship,1
2587,2022txcmp,FIRST In Texas District Championship,1
2613,2022txcmp,FIRST In Texas District Championship,0
2657,2022txcmp,FIRST In Texas District Championship,0
2687,2022txcmp,FIRST In Texas District Championship,1
2689,2022txcmp,FIRST In Texas District Championship,1
2714,2022txcmp,FIRST In Texas District Championship,1
2789,2022txcmp,FIRST In Texas District Championship,0
2848,2022txcmp,FIRST In Texas District Championship,1
2881,2022txcmp,FIRST In Texas District Championship,1
2882,2022txcmp,FIRST In Texas District Championship,0
2950,2022txcmp,FIRST In Texas District Championship,0
2966,2022txcmp,FIRST In Texas District Championship,0
2969,2022txcmp,FIRST In Texas District Championship,0
3005,2022txcmp,FIRST In Texas District Championship,1
3029,2022txcmp,FIRST In Texas District Championship,0.5585
3035,2022txcmp,FIRST In Texas District Championship,1
3037,2022txcmp,FIRST In Texas District Championship,0
3103,2022txcmp,FIRST In Texas District Championship,1
324,2022txcmp,FIRST In Texas District Championship,1
3282,2022txcmp,FIRST In Texas District Championship,0
3310,2022txcmp,FIRST In Texas District Championship,1
3355,2022txcmp,FIRST In Texas District Championship,0
3481,2022txcmp,FIRST In Texas District Championship,1
3545,2022txcmp,FIRST In Texas District Championship,1
3561,2022txcmp,FIRST In Texas District Championship,0
3676,2022txcmp,FIRST In Texas District Championship,0
3679,2022txcmp,FIRST In Texas District Championship,1
3728,2022txcmp,FIRST In Texas District Championship,0
3735,2022txcmp,FIRST In Texas District Championship,1
3743,2022txcmp,FIRST In Texas District Championship,0
3802,2022txcmp,FIRST In Texas District Championship,0
3834,2022txcmp,FIRST In Texas District Championship,0
3847,2022txcmp,FIRST In Texas District Championship,1
4063,2022txcmp,FIRST In Texas District Championship,1
4153,2022txcmp,FIRST In Texas District Championship,1
418,2022txcmp,FIRST In Texas District Championship,1
4192,2022txcmp,FIRST In Texas District Championship,1
4206,2022txcmp,FIRST In Texas District Championship,1
4219,2022txcmp,FIRST In Texas District Championship,1
4295,2022txcmp,FIRST In Texas District Championship,0
4328,2022txcmp,FIRST In Texas District Championship,0
4332,2022txcmp,FIRST In Texas District Championship,0
4364,2022txcmp,FIRST In Texas District Championship,1
457,2022txcmp,FIRST In Texas District Championship,0.5585
4587,2022txcmp,FIRST In Texas District Championship,1
4597,2022txcmp,FIRST In Texas District Championship,0
4610,2022txcmp,FIRST In Texas District Championship,1
4639,2022txcmp,FIRST In Texas District Championship,1
4641,2022txcmp,FIRST In Texas District Championship,1
4717,2022txcmp,FIRST In Texas District Championship,0
4734,2022txcmp,FIRST In Texas District Championship,1
5047,2022txcmp,FIRST In Texas District Championship,0
5052,2022txcmp,FIRST In Texas District Championship,0
5057,2022txcmp,FIRST In Texas District Championship,0
5070,2022txcmp,FIRST In Texas District Championship,0
5103,2022txcmp,FIRST In Texas District Championship,0
5212,2022txcmp,FIRST In Texas District Championship,0
5242,2022txcmp,FIRST In Texas District Championship,1
5261,2022txcmp,FIRST In Texas District Championship,0
5411,2022txcmp,FIRST In Texas District Championship,1
5414,2022txcmp,FIRST In Texas District Championship,1
5417,2022txcmp,FIRST In Texas District Championship,1
5427,2022txcmp,FIRST In Texas District Championship,1
5431,2022txcmp,FIRST In Texas District Championship,1
5503,2022txcmp,FIRST In Texas District Championship,1
5572,2022txcmp,FIRST In Texas District Championship,1
5613,2022txcmp,FIRST In Texas District Championship,1
5682,2022txcmp,FIRST In Texas District Championship,0
5726,2022txcmp,FIRST In Texas District Championship,1
5829,2022txcmp,FIRST In Texas District Championship,1
5866,2022txcmp,FIRST In Texas District Championship,0
5892,2022txcmp,FIRST In Texas District Championship,1
5894,2022txcmp,FIRST In Texas District Championship,0
5908,2022txcmp,FIRST In Texas District Championship,0
5923,2022txcmp,FIRST In Texas District Championship,0
5986,2022txcmp,FIRST In Texas District Championship,0
6155,2022txcmp,FIRST In Texas District Championship,0
6171,2022txcmp,FIRST In Texas District Championship,0
6180,2022txcmp,FIRST In Texas District Championship,0
624,2022txcmp,FIRST In Texas District Championship,1
6357,2022txcmp,FIRST In Texas District Championship,0
6369,2022txcmp,FIRST In Texas District Championship,1
6377,2022txcmp,FIRST In Texas District Championship,1
6645,2022txcmp,FIRST In Texas District Championship,0
6672,2022txcmp,FIRST In Texas District Championship,1
6682,2022txcmp,FIRST In Texas District Championship,0
6768,2022txcmp,FIRST In Texas District Championship,0
6800,2022txcmp,FIRST In Texas District Championship,1
6830,2022txcmp,FIRST In Texas District Championship,0
6901,2022txcmp,FIRST In Texas District Championship,0
6974,2022txcmp,FIRST In Texas District Championship,0
7088,2022txcmp,FIRST In Texas District Championship,0
7091,2022txcmp,FIRST In Texas District Championship,0
7115,2022txcmp,FIRST In Texas District Championship,0
7119,2022txcmp,FIRST In Texas District Championship,0
7121,2022txcmp,FIRST In Texas District Championship,1
7125,2022txcmp,FIRST In Texas District Championship,1
7138,2022txcmp,FIRST In Texas District Championship,0
7312,2022txcmp,FIRST In Texas District Championship,1
7319,2022txcmp,FIRST In Texas District Championship,0
7418,2022txcmp,FIRST In Texas District Championship,0
7440,2022txcmp,FIRST In Texas District Championship,0
7492,2022txcmp,FIRST In Texas District Championship,1
7503,2022txcmp,FIRST In Texas District Championship,0
7506,2022txcmp,FIRST In Texas District Championship,1
7521,2022txcmp,FIRST In Texas District Championship,1
7534,2022txcmp,FIRST In Texas District Championship,0
7535,2022txcmp,FIRST In Texas District Championship,0
7540,2022txcmp,FIRST In Texas District Championship,0
7616,2022txcmp,FIRST In Texas District Championship,1
7621,2022txcmp,FIRST In Texas District Championship,0
7691,2022txcmp,FIRST In Texas District Championship,0
7750,2022txcmp,FIRST In Texas District Championship,0
8019,2022txcmp,FIRST In Texas District Championship,1
8055,2022txcmp,FIRST In Texas District Championship,1
8088,2022txcmp,FIRST In Texas District Championship,1
8114,2022txcmp,FIRST In Texas District Championship,1
8144,2022txcmp,FIRST In Texas District Championship,1
8150,2022txcmp,FIRST In Texas District Championship,0
8177,2022txcmp,FIRST In Texas District Championship,1
8210,2022txcmp,FIRST In Texas District Championship,0
8274,2022txcmp,FIRST In Texas District Championship,0
8325,2022txcmp,FIRST In Texas District Championship,0
8369,2022txcmp,FIRST In Texas District Championship,0
8370,2022txcmp,FIRST In Texas District Championship,1
8392,2022txcmp,FIRST In Texas District Championship,0
8405,2022txcmp,FIRST In Texas District Championship,0
8408,2022txcmp,FIRST In Texas District Championship,0
8507,2022txcmp,FIRST In Texas District Championship,0
8512,2022txcmp,FIRST In Texas District Championship,0.887269
8515,2022txcmp,FIRST In Texas District Championship,0
8528,2022txcmp,FIRST In Texas District Championship,1
8556,2022txcmp,FIRST In Texas District Championship,0
8568,2022txcmp,FIRST In Texas District Championship,0
8573,2022txcmp,FIRST In Texas District Championship,1
8576,2022txcmp,FIRST In Texas District Championship,1
8580,2022txcmp,FIRST In Texas District Championship,0
8591,2022txcmp,FIRST In Texas District Championship,0
8598,2022txcmp,FIRST In Texas District Championship,0
8610,2022txcmp,FIRST In Texas District Championship,1
8625,2022txcmp,FIRST In Texas District Championship,0
8710,2022txcmp,FIRST In Texas District Championship,0
8749,2022txcmp,FIRST In Texas District Championship,1
8750,2022txcmp,FIRST In Texas District Championship,0
8769,2022txcmp,FIRST In Texas District Championship,0
8816,2022txcmp,FIRST In Texas District Championship,0
8818,2022txcmp,FIRST In Texas District Championship,0
8819,2022txcmp,FIRST In Texas District Championship,1
8827,2022txcmp,FIRST In Texas District Championship,0
8842,2022txcmp,FIRST In Texas District Championship,0
8858,2022txcmp,FIRST In Texas District Championship,1
8874,2022txcmp,FIRST In Texas District Championship,0
8879,2022txcmp,FIRST In Texas District Championship,1
102,2022mrcmp,FIRST Mid-Atlantic District Championship,1
103,2022mrcmp,FIRST Mid-Atlantic District Championship,1
1089,2022mrcmp,FIRST Mid-Atlantic District Championship,1
11,2022mrcmp,FIRST Mid-Atlantic District Championship,1
1143,2022mrcmp,FIRST Mid-Atlantic District Championship,0
1168,2022mrcmp,FIRST Mid-Atlantic District Championship,1
1218,2022mrcmp,FIRST Mid-Atlantic District Championship,1
1257,2022mrcmp,FIRST Mid-Atlantic District Championship,1
1279,2022mrcmp,FIRST Mid-Atlantic District Championship,0
1391,2022mrcmp,FIRST Mid-Atlantic District Championship,1
1403,2022mrcmp,FIRST Mid-Atlantic District Championship,1
1495,2022mrcmp,FIRST Mid-Atlantic District Championship,0
1626,2022mrcmp,FIRST Mid-Atlantic District Championship,1
1640,2022mrcmp,FIRST Mid-Atlantic District Championship,1
1647,2022mrcmp,FIRST Mid-Atlantic District Championship,1
1672,2022mrcmp,FIRST Mid-Atlantic District Championship,1
1676,2022mrcmp,FIRST Mid-Atlantic District Championship,1
1712,2022mrcmp,FIRST Mid-Atlantic District Championship,0
1807,2022mrcmp,FIRST Mid-Atlantic District Championship,1
1811,2022mrcmp,FIRST Mid-Atlantic District Championship,1
1914,2022mrcmp,FIRST Mid-Atlantic District Championship,1
1923,2022mrcmp,FIRST Mid-Atlantic District Championship,1
193,2022mrcmp,FIRST Mid-Atlantic District Championship,0
1989,2022mrcmp,FIRST Mid-Atlantic District Championship,0
2016,2022mrcmp,FIRST Mid-Atlantic District Championship,1
203,2022mrcmp,FIRST Mid-Atlantic District Championship,1
204,2022mrcmp,FIRST Mid-Atlantic District Championship,0
2070,2022mrcmp,FIRST Mid-Atlantic District Championship,0
2095,2022mrcmp,FIRST Mid-Atlantic District Championship,0
2180,2022mrcmp,FIRST Mid-Atlantic District Championship,1
219,2022mrcmp,FIRST Mid-Atlantic District Championship,1
2191,2022mrcmp,FIRST Mid-Atlantic District Championship,1
222,2022mrcmp,FIRST Mid-Atlantic District Championship,1
223,2022mrcmp,FIRST Mid-Atlantic District Championship,1
2234,2022mrcmp,FIRST Mid-Atlantic District Championship,0
2458,2022mrcmp,FIRST Mid-Atlantic District Championship,0
2495,2022mrcmp,FIRST Mid-Atlantic District Championship,1
25,2022mrcmp,FIRST Mid-Atlantic District Championship,1
2539,2022mrcmp,FIRST Mid-Atlantic District Championship,1
2554,2022mrcmp,FIRST Mid-Atlantic District Championship,0
2559,2022mrcmp,FIRST Mid-Atlantic District Championship,0
2577,2022mrcmp,FIRST Mid-Atlantic District Championship,1
2590,2022mrcmp,FIRST Mid-Atlantic District Championship,1
2600,2022mrcmp,FIRST Mid-Atlantic District Championship,0
2607,2022mrcmp,FIRST Mid-Atlantic District Championship,1
272,2022mrcmp,FIRST Mid-Atlantic District Championship,1
2720,2022mrcmp,FIRST Mid-Atlantic District Championship,0
2722,2022mrcmp,FIRST Mid-Atlantic District Championship,0
293,2022mrcmp,FIRST Mid-Atlantic District Championship,1
303,2022mrcmp,FIRST Mid-Atlantic District Championship,0
3142,2022mrcmp,FIRST Mid-Atlantic District Championship,1
316,2022mrcmp,FIRST Mid-Atlantic District Championship,1
321,2022mrcmp,FIRST Mid-Atlantic District Championship,0
3314,2022mrcmp,FIRST Mid-Atlantic District Championship,1
341,2022mrcmp,FIRST Mid-Atlantic District Championship,1
3515,2022mrcmp,FIRST Mid-Atlantic District Championship,0
3637,2022mrcmp,FIRST Mid-Atlantic District Championship,1
365,2022mrcmp,FIRST Mid-Atlantic District Championship,1
41,2022mrcmp,FIRST Mid-Atlantic District Championship,1
423,2022mrcmp,FIRST Mid-Atlantic District Championship,0
4285,2022mrcmp,FIRST Mid-Atlantic District Championship,0
433,2022mrcmp,FIRST Mid-Atlantic District Championship,1
4342,2022mrcmp,FIRST Mid-Atlantic District Championship,1
4361,2022mrcmp,FIRST Mid-Atlantic District Championship,0
4373,2022mrcmp,FIRST Mid-Atlantic District Championship,1
4454,2022mrcmp,FIRST Mid-Atlantic District Championship,0
4573,2022mrcmp,FIRST Mid-Atlantic District Championship,0
4575,2022mrcmp,FIRST Mid-Atlantic District Championship,0
4637,2022mrcmp,FIRST Mid-Atlantic District Championship,0
4652,2022mrcmp,FIRST Mid-Atlantic District Championship,0
4653,2022mrcmp,FIRST Mid-Atlantic District Championship,1
4750,2022mrcmp,FIRST Mid-Atlantic District Championship,0
484,2022mrcmp,FIRST Mid-Atlantic District Championship,1
486,2022mrcmp,FIRST Mid-Atlantic District Championship,1
5113,2022mrcmp,FIRST Mid-Atlantic District Championship,0
5181,2022mrcmp,FIRST Mid-Atlantic District Championship,1
5310,2022mrcmp,FIRST Mid-Atlantic District Championship,0
5401,2022mrcmp,FIRST Mid-Atlantic District Championship,0
5407,2022mrcmp,FIRST Mid-Atlantic District Championship,1
5420,2022mrcmp,FIRST Mid-Atlantic District Championship,0
5438,2022mrcmp,FIRST Mid-Atlantic District Championship,0
5457,2022mrcmp,FIRST Mid-Atlantic District Championship,0
5490,2022mrcmp,FIRST Mid-Atlantic District Championship,1
555,2022mrcmp,FIRST Mid-Atlantic District Championship,0
56,2022mrcmp,FIRST Mid-Atlantic District Championship,1
5624,2022mrcmp,FIRST Mid-Atlantic District Championship,0
5666,2022mrcmp,FIRST Mid-Atlantic District Championship,0
5684,2022mrcmp,FIRST Mid-Atlantic District Championship,0
5732,2022mrcmp,FIRST Mid-Atlantic District Championship,1
5895,2022mrcmp,FIRST Mid-Atlantic District Championship,1
5992,2022mrcmp,FIRST Mid-Atlantic District Championship,0
6016,2022mrcmp,FIRST Mid-Atlantic District Championship,0
6226,2022mrcmp,FIRST Mid-Atlantic District Championship,0
6327,2022mrcmp,FIRST Mid-Atlantic District Championship,1
6808,2022mrcmp,FIRST Mid-Atlantic District Championship,0
6860,2022mrcmp,FIRST Mid-Atlantic District Championship,0
6897,2022mrcmp,FIRST Mid-Atlantic District Championship,0
6921,2022mrcmp,FIRST Mid-Atlantic District Championship,0
6943,2022mrcmp,FIRST Mid-Atlantic District Championship,0
6945,2022mrcmp,FIRST Mid-Atlantic District Championship,0
7045,2022mrcmp,FIRST Mid-Atlantic District Championship,1
708,2022mrcmp,FIRST Mid-Atlantic District Championship,1
709,2022mrcmp,FIRST Mid-Atlantic District Championship,0
7110,2022mrcmp,FIRST Mid-Atlantic District Championship,1
714,2022mrcmp,FIRST Mid-Atlantic District Championship,0
7414,2022mrcmp,FIRST Mid-Atlantic District Championship,1
75,2022mrcmp,FIRST Mid-Atlantic District Championship,1
752,2022mrcmp,FIRST Mid-Atlantic District Championship,0
7587,2022mrcmp,FIRST Mid-Atlantic District Championship,0
7599,2022mrcmp,FIRST Mid-Atlantic District Championship,0
7877,2022mrcmp,FIRST Mid-Atlantic District Championship,0
8075,2022mrcmp,FIRST Mid-Atlantic District Championship,0
8117,2022mrcmp,FIRST Mid-Atlantic District Championship,0
8130,2022mrcmp,FIRST Mid-Atlantic District Championship,0
8139,2022mrcmp,FIRST Mid-Atlantic District Championship,0
816,2022mrcmp,FIRST Mid-Atlantic District Championship,0
834,2022mrcmp,FIRST Mid-Atlantic District Championship,1
8513,2022mrcmp,FIRST Mid-Atlantic District Championship,1
8588,2022mrcmp,FIRST Mid-Atlantic District Championship,0
8628,2022mrcmp,FIRST Mid-Atlantic District Championship,0
8630,2022mrcmp,FIRST Mid-Atlantic District Championship,0
87,2022mrcmp,FIRST Mid-Atlantic District Championship,0
8704,2022mrcmp,FIRST Mid-Atlantic District Championship,0
8706,2022mrcmp,FIRST Mid-Atlantic District Championship,0
8707,2022mrcmp,FIRST Mid-Atlantic District Championship,0
8714,2022mrcmp,FIRST Mid-Atlantic District Championship,0
8721,2022mrcmp,FIRST Mid-Atlantic District Championship,0
8771,2022mrcmp,FIRST Mid-Atlantic District Championship,0
1225,2022nccmp,FIRST North Carolina District State Championship,0
1533,2022nccmp,FIRST North Carolina District State Championship,1
2059,2022nccmp,FIRST North Carolina District State Championship,1
2640,2022nccmp,FIRST North Carolina District State Championship,0
2642,2022nccmp,FIRST North Carolina District State Championship,1
2655,2022nccmp,FIRST North Carolina District State Championship,1
3196,2022nccmp,FIRST North Carolina District State Championship,1
3229,2022nccmp,FIRST North Carolina District State Championship,1
3336,2022nccmp,FIRST North Carolina District State Championship,0
3459,2022nccmp,FIRST North Carolina District State Championship,1
3506,2022nccmp,FIRST North Carolina District State Championship,1
3661,2022nccmp,FIRST North Carolina District State Championship,0
3737,2022nccmp,FIRST North Carolina District State Championship,1
3822,2022nccmp,FIRST North Carolina District State Championship,0
4290,2022nccmp,FIRST North Carolina District State Championship,1
4291,2022nccmp,FIRST North Carolina District State Championship,0
435,2022nccmp,FIRST North Carolina District State Championship,0
4534,2022nccmp,FIRST North Carolina District State Championship,1
4561,2022nccmp,FIRST North Carolina District State Championship,1
4795,2022nccmp,FIRST North Carolina District State Championship,1
4816,2022nccmp,FIRST North Carolina District State Championship,0
4828,2022nccmp,FIRST North Carolina District State Championship,1
4829,2022nccmp,FIRST North Carolina District State Championship,1
4935,2022nccmp,FIRST North Carolina District State Championship,0
5160,2022nccmp,FIRST North Carolina District State Championship,0
5190,2022nccmp,FIRST North Carolina District State Championship,1
5511,2022nccmp,FIRST North Carolina District State Championship,1
5518,2022nccmp,FIRST North Carolina District State Championship,0
5607,2022nccmp,FIRST North Carolina District State Championship,1
5679,2022nccmp,FIRST North Carolina District State Championship,0
5727,2022nccmp,FIRST North Carolina District State Championship,1
5762,2022nccmp,FIRST North Carolina District State Championship,0
587,2022nccmp,FIRST North Carolina District State Championship,1
6004,2022nccmp,FIRST North Carolina District State Championship,0
6214,2022nccmp,FIRST North Carolina District State Championship,0
6240,2022nccmp,FIRST North Carolina District State Championship,0
6500,2022nccmp,FIRST North Carolina District State Championship,1
6502,2022nccmp,FIRST North Carolina District State Championship,1
6512,2022nccmp,FIRST North Carolina District State Championship,0
6565,2022nccmp,FIRST North Carolina District State Championship,0
6639,2022nccmp,FIRST North Carolina District State Championship,0
6729,2022nccmp,FIRST North Carolina District State Championship,0
6888,2022nccmp,FIRST North Carolina District State Championship,1
6894,2022nccmp,FIRST North Carolina District State Championship,0
6908,2022nccmp,FIRST North Carolina District State Championship,0
6932,2022nccmp,FIRST North Carolina District State Championship,0
7270,2022nccmp,FIRST North Carolina District State Championship,0
7443,2022nccmp,FIRST North Carolina District State Championship,1
7671,2022nccmp,FIRST North Carolina District State Championship,0
7715,2022nccmp,FIRST North Carolina District State Championship,0
7763,2022nccmp,FIRST North Carolina District State Championship,0
7890,2022nccmp,FIRST North Carolina District State Championship,1
8030,2022nccmp,FIRST North Carolina District State Championship,0
8090,2022nccmp,FIRST North Carolina District State Championship,0
8205,2022nccmp,FIRST North Carolina District State Championship,0
8304,2022nccmp,FIRST North Carolina District State Championship,1
8429,2022nccmp,FIRST North Carolina District State Championship,0
8634,2022nccmp,FIRST North Carolina District State Championship,1
8727,2022nccmp,FIRST North Carolina District State Championship,1
8738,2022nccmp,FIRST North Carolina District State Championship,1
8746,2022nccmp,FIRST North Carolina District State Championship,1
8757,2022nccmp,FIRST North Carolina District State Championship,1
8758,2022nccmp,FIRST North Carolina District State Championship,0
8804,2022nccmp,FIRST North Carolina District State Championship,0
8833,2022nccmp,FIRST North Carolina District State Championship,0
900,2022nccmp,FIRST North Carolina District State Championship,1
1574,2022iscmp,FIRST Israel District Championship,1
1576,2022iscmp,FIRST Israel District Championship,0
1577,2022iscmp,FIRST Israel District Championship,1
1580,2022iscmp,FIRST Israel District Championship,0
1657,2022iscmp,FIRST Israel District Championship,1
1690,2022iscmp,FIRST Israel District Championship,1
1937,2022iscmp,FIRST Israel District Championship,0
1942,2022iscmp,FIRST Israel District Championship,0
1943,2022iscmp,FIRST Israel District Championship,0
1954,2022iscmp,FIRST Israel District Championship,0
2096,2022iscmp,FIRST Israel District Championship,1
2212,2022iscmp,FIRST Israel District Championship,1
2230,2022iscmp,FIRST Israel District Championship,1
2231,2022iscmp,FIRST Israel District Championship,1
2630,2022iscmp,FIRST Israel District Championship,1
2679,2022iscmp,FIRST Israel District Championship,0
3065,2022iscmp,FIRST Israel District Championship,1
3075,2022iscmp,FIRST Israel District Championship,1
3083,2022iscmp,FIRST Israel District Championship,0
3211,2022iscmp,FIRST Israel District Championship,1
3316,2022iscmp,FIRST Israel District Championship,1
3339,2022iscmp,FIRST Israel District Championship,1
3388,2022iscmp,FIRST Israel District Championship,1
3835,2022iscmp,FIRST Israel District Championship,1
4319,2022iscmp,FIRST Israel District Championship,0
4320,2022iscmp,FIRST Israel District Championship,0
4338,2022iscmp,FIRST Israel District Championship,1
4416,2022iscmp,FIRST Israel District Championship,0
4586,2022iscmp,FIRST Israel District Championship,1
4590,2022iscmp,FIRST Israel District Championship,1
4661,2022iscmp,FIRST Israel District Championship,0
4744,2022iscmp,FIRST Israel District Championship,1
5135,2022iscmp,FIRST Israel District Championship,1
5291,2022iscmp,FIRST Israel District Championship,0
5554,2022iscmp,FIRST Israel District Championship,1
5614,2022iscmp,FIRST Israel District Championship,1
5635,2022iscmp,FIRST Israel District Championship,0
5654,2022iscmp,FIRST Israel District Championship,1
5715,2022iscmp,FIRST Israel District Championship,1
5928,2022iscmp,FIRST Israel District Championship,0
5951,2022iscmp,FIRST Israel District Championship,1
5987,2022iscmp,FIRST Israel District Championship,1
5990,2022iscmp,FIRST Israel District Championship,1
6104,2022iscmp,FIRST Israel District Championship,1
6168,2022iscmp,FIRST Israel District Championship,1
6230,2022iscmp,FIRST Israel District Championship,0
6738,2022iscmp,FIRST Israel District Championship,0
6740,2022iscmp,FIRST Israel District Championship,1
6741,2022iscmp,FIRST Israel District Championship,0
7039,2022iscmp,FIRST Israel District Championship,1
7067,2022iscmp,FIRST Israel District Championship,1
7112,2022iscmp,FIRST Israel District Championship,0
7177,2022iscmp,FIRST Israel District Championship,0
7845,2022iscmp,FIRST Israel District Championship,1
8175,2022iscmp,FIRST Israel District Championship,1
8223,2022iscmp,FIRST Israel District Championship,1
8843,2022iscmp,FIRST Israel District Championship,0
1027,2022necmp,New England FIRST District Championship,1
1058,2022necmp,New England FIRST District Championship,0
1071,2022necmp,New England FIRST District Championship,1
1073,2022necmp,New England FIRST District Championship,1
1099,2022necmp,New England FIRST District Championship,1
1100,2022necmp,New England FIRST District Championship,0
1124,2022necmp,New England FIRST District Championship,0
1153,2022necmp,New England FIRST District Championship,1
121,2022necmp,New England FIRST District Championship,0
1247,2022necmp,New England FIRST District Championship,0
125,2022necmp,New England FIRST District Championship,1
126,2022necmp,New England FIRST District Championship,1
1277,2022necmp,New England FIRST District Championship,0
1307,2022necmp,New England FIRST District Championship,0
131,2022necmp,New England FIRST District Championship,1
133,2022necmp,New England FIRST District Championship,1
1350,2022necmp,New England FIRST District Championship,0
138,2022necmp,New England FIRST District Championship,1
1474,2022necmp,New England FIRST District Championship,1
151,2022necmp,New England FIRST District Championship,0.666667
1512,2022necmp,New England FIRST District Championship,0
155,2022necmp,New England FIRST District Championship,1
157,2022necmp,New England FIRST District Championship,1
166,2022necmp,New England FIRST District Championship,1
1699,2022necmp,New England FIRST District Championship,0.666667
172,2022necmp,New England FIRST District Championship,1
1721,2022necmp,New England FIRST District Championship,0
1729,2022necmp,New England FIRST District Championship,1
173,2022necmp,New England FIRST District Championship,0
1735,2022necmp,New England FIRST District Championship,0
1740,2022necmp,New England FIRST District Championship,1
175,2022necmp,New England FIRST District Championship,1
1757,2022necmp,New England FIRST District Championship,1
176,2022necmp,New England FIRST District Championship,1
1761,2022necmp,New England FIRST District Championship,0
1768,2022necmp,New England FIRST District Championship,1
177,2022necmp,New England FIRST District Championship,1
178,2022necmp,New England FIRST District Championship,0
181,2022necmp,New England FIRST District Championship,0
1831,2022necmp,New England FIRST District Championship,0
190,2022necmp,New England FIRST District Championship,0
1922,2022necmp,New England FIRST District Championship,0
195,2022necmp,New England FIRST District Championship,1
1965,2022necmp,New England FIRST District Championship,0
1991,2022necmp,New England FIRST District Championship,0
2064,2022necmp,New England FIRST District Championship,0
2067,2022necmp,New England FIRST District Championship,1
2079,2022necmp,New England FIRST District Championship,0
2084,2022necmp,New England FIRST District Championship,0
2168,2022necmp,New England FIRST District Championship,1
2170,2022necmp,New England FIRST District Championship,0
2262,2022necmp,New England FIRST District Championship,1
228,2022necmp,New England FIRST District Championship,1
230,2022necmp,New England FIRST District Championship,1
2342,2022necmp,New England FIRST District Championship,1
236,2022necmp,New England FIRST District Championship,1
237,2022necmp,New England FIRST District Championship,1
2370,2022necmp,New England FIRST District Championship,1
238,2022necmp,New England FIRST District Championship,1
2423,2022necmp,New England FIRST District Championship,0
246,2022necmp,New England FIRST District Championship,0
2523,2022necmp,New England FIRST District Championship,0
2648,2022necmp,New England FIRST District Championship,1
2712,2022necmp,New England FIRST District Championship,0
2713,2022necmp,New England FIRST District Championship,1
2785,2022necmp,New England FIRST District Championship,0
2876,2022necmp,New England FIRST District Championship,0
2877,2022necmp,New England FIRST District Championship,1
3146,2022necmp,New England FIRST District Championship,1
3182,2022necmp,New England FIRST District Championship,1
319,2022necmp,New England FIRST District Championship,1
3205,2022necmp,New England FIRST District Championship,1
3323,2022necmp,New England FIRST District Championship,0
3451,2022necmp,New England FIRST District Championship,0
3461,2022necmp,New England FIRST District Championship,0.666667
3464,2022necmp,New England FIRST District Championship,0
3467,2022necmp,New England FIRST District Championship,1
348,2022necmp,New England FIRST District Championship,0
3566,2022necmp,New England FIRST District Championship,0
3623,2022necmp,New England FIRST District Championship,0
3634,2022necmp,New England FIRST District Championship,0
3654,2022necmp,New England FIRST District Championship,1
3719,2022necmp,New England FIRST District Championship,0
3958,2022necmp,New England FIRST District Championship,0
4034,2022necmp,New England FIRST District Championship,0
4041,2022necmp,New England FIRST District Championship,1
4048,2022necmp,New England FIRST District Championship,1
4097,2022necmp,New England FIRST District Championship,0
4169,2022necmp,New England FIRST District Championship,0
4176,2022necmp,New England FIRST District Championship,0
4311,2022necmp,New England FIRST District Championship,0
4473,2022necmp,New England FIRST District Championship,0
4546,2022necmp,New England FIRST District Championship,0
4564,2022necmp,New England FIRST District Championship,1
4572,2022necmp,New England FIRST District Championship,0
4628,2022necmp,New England FIRST District Championship,0
467,2022necmp,New England FIRST District Championship,1
4761,2022necmp,New England FIRST District Championship,0
4796,2022necmp,New England FIRST District Championship,0
4905,2022necmp,New England FIRST District Championship,1
4906,2022necmp,New England FIRST District Championship,0
4908,2022necmp,New England FIRST District Championship,0
4909,2022necmp,New England FIRST District Championship,1
4925,2022necmp,New England FIRST District Championship,0
4987,2022necmp,New England FIRST District Championship,0
5000,2022necmp,New England FIRST District Championship,0
501,2022necmp,New England FIRST District Championship,0
509,2022necmp,New England FIRST District Championship,0
5112,2022necmp,New England FIRST District Championship,1
5142,2022necmp,New England FIRST District Championship,0
5265,2022necmp,New England FIRST District Championship,0
5347,2022necmp,New England FIRST District Championship,0
5422,2022necmp,New England FIRST District Championship,1
5459,2022necmp,New England FIRST District Championship,0
5491,2022necmp,New England FIRST District Championship,0
5494,2022necmp,New England FIRST District Championship,0
5556,2022necmp,New England FIRST District Championship,0
5563,2022necmp,New England FIRST District Championship,1
558,2022necmp,New England FIRST District Championship,1
5687,2022necmp,New England FIRST District Championship,1
571,2022necmp,New England FIRST District Championship,0
5735,2022necmp,New England FIRST District Championship,1
5752,2022necmp,New England FIRST District Championship,0
58,2022necmp,New England FIRST District Championship,1
5813,2022necmp,New England FIRST District Championship,1
5846,2022necmp,New England FIRST District Championship,1
5856,2022necmp,New England FIRST District Championship,0
5902,2022necmp,New England FIRST District Championship,0
5962,2022necmp,New England FIRST District Championship,0
61,2022necmp,New England FIRST District Championship,1
6153,2022necmp,New England FIRST District Championship,1
6161,2022necmp,New England FIRST District Championship,0
6201,2022necmp,New England FIRST District Championship,0
6324,2022necmp,New England FIRST District Championship,0
6328,2022necmp,New England FIRST District Championship,1
6329,2022necmp,New England FIRST District Championship,1
6333,2022necmp,New England FIRST District Championship,0
6346,2022necmp,New England FIRST District Championship,0
6367,2022necmp,New England FIRST District Championship,0
6529,2022necmp,New England FIRST District Championship,0
6620,2022necmp,New England FIRST District Championship,0
663,2022necmp,New England FIRST District Championship,1
6690,2022necmp,New England FIRST District Championship,0
6723,2022necmp,New England FIRST District Championship,0
6731,2022necmp,New England FIRST District Championship,0
6762,2022necmp,New England FIRST District Championship,0
6763,2022necmp,New England FIRST District Championship,0
6895,2022necmp,New England FIRST District Championship,0
69,2022necmp,New England FIRST District Championship,1
6933,2022necmp,New England FIRST District Championship,1
7127,2022necmp,New England FIRST District Championship,1
7153,2022necmp,New England FIRST District Championship,1
716,2022necmp,New England FIRST District Championship,1
7314,2022necmp,New England FIRST District Championship,0
7407,2022necmp,New England FIRST District Championship,1
7462,2022necmp,New England FIRST District Championship,0
7674,2022necmp,New England FIRST District Championship,0
7694,2022necmp,New England FIRST District Championship,0
7760,2022necmp,New England FIRST District Championship,0
78,2022necmp,New England FIRST District Championship,1
7822,2022necmp,New England FIRST District Championship,0
7869,2022necmp,New England FIRST District Championship,0
7907,2022necmp,New England FIRST District Championship,0
7913,2022necmp,New England FIRST District Championship,0
8013,2022necmp,New England FIRST District Championship,1
8023,2022necmp,New England FIRST District Championship,1
8046,2022necmp,New England FIRST District Championship,0
8085,2022necmp,New England FIRST District Championship,1
811,2022necmp,New England FIRST District Championship,0
8167,2022necmp,New England FIRST District Championship,0
839,2022necmp,New England FIRST District Championship,0
8410,2022necmp,New England FIRST District Championship,0
8544,2022necmp,New England FIRST District Championship,1
8567,2022necmp,New England FIRST District Championship,0
8604,2022necmp,New England FIRST District Championship,0
8626,2022necmp,New England FIRST District Championship,0
8708,2022necmp,New England FIRST District Championship,0
8709,2022necmp,New England FIRST District Championship,1
8724,2022necmp,New England FIRST District Championship,1
88,2022necmp,New England FIRST District Championship,1
8883,2022necmp,New England FIRST District Championship,0
8889,2022necmp,New England FIRST District Championship,1
95,2022necmp,New England FIRST District Championship,1
97,2022necmp,New England FIRST District Championship,0
999,2022necmp,New England FIRST District Championship,0
1075,2022oncmp,FIRST Ontario Provincial Championship,0.0789474
1114,2022oncmp,FIRST Ontario Provincial Championship,1
1241,2022oncmp,FIRST Ontario Provincial Championship,1
1246,2022oncmp,FIRST Ontario Provincial Championship,1
1305,2022oncmp,FIRST Ontario Provincial Championship,1
1310,2022oncmp,FIRST Ontario Provincial Championship,0.0789474
1325,2022oncmp,FIRST Ontario Provincial Championship,1
1334,2022oncmp,FIRST Ontario Provincial Championship,1
1360,2022oncmp,FIRST Ontario Provincial Championship,1
1374,2022oncmp,FIRST Ontario Provincial Championship,1
188,2022oncmp,FIRST Ontario Provincial Championship,0.0789474
2013,2022oncmp,FIRST Ontario Provincial Championship,1
2056,2022oncmp,FIRST Ontario Provincial Championship,1
2198,2022oncmp,FIRST Ontario Provincial Championship,1
2200,2022oncmp,FIRST Ontario Provincial Championship,1
2386,2022oncmp,FIRST Ontario Provincial Championship,1
2609,2022oncmp,FIRST Ontario Provincial Championship,1
2634,2022oncmp,FIRST Ontario Provincial Championship,0.0789474
2702,2022oncmp,FIRST Ontario Provincial Championship,0.0789474
2706,2022oncmp,FIRST Ontario Provincial Championship,1
2708,2022oncmp,FIRST Ontario Provincial Championship,0.0789474
2852,2022oncmp,FIRST Ontario Provincial Championship,0.0789474
2994,2022oncmp,FIRST Ontario Provincial Championship,1
3161,2022oncmp,FIRST Ontario Provincial Championship,1
3543,2022oncmp,FIRST Ontario Provincial Championship,1
3560,2022oncmp,FIRST Ontario Provincial Championship,1
3683,2022oncmp,FIRST Ontario Provincial Championship,1
3739,2022oncmp,FIRST Ontario Provincial Championship,1
4015,2022oncmp,FIRST Ontario Provincial Championship,1
4039,2022oncmp,FIRST Ontario Provincial Championship,1
4069,2022oncmp,FIRST Ontario Provincial Championship,1
4152,2022oncmp,FIRST Ontario Provincial Championship,1
4252,2022oncmp,FIRST Ontario Provincial Championship,1
4343,2022oncmp,FIRST Ontario Provincial Championship,1
4476,2022oncmp,FIRST Ontario Provincial Championship,1
4617,2022oncmp,FIRST Ontario Provincial Championship,1
4618,2022oncmp,FIRST Ontario Provincial Championship,0.0789474
4678,2022oncmp,FIRST Ontario Provincial Championship,1
4688,2022oncmp,FIRST Ontario Provincial Championship,0.0789474
4903,2022oncmp,FIRST Ontario Provincial Championship,1
4907,2022oncmp,FIRST Ontario Provincial Championship,1
4914,2022oncmp,FIRST Ontario Provincial Championship,0.0789474
4917,2022oncmp,FIRST Ontario Provincial Championship,1
4946,2022oncmp,FIRST Ontario Provincial Championship,1
4951,2022oncmp,FIRST Ontario Provincial Championship,1
4976,2022oncmp,FIRST Ontario Provincial Championship,1
4992,2022oncmp,FIRST Ontario Provincial Championship,0.0789474
5024,2022oncmp,FIRST Ontario Provincial Championship,1
5031,2022oncmp,FIRST Ontario Provincial Championship,1
5032,2022oncmp,FIRST Ontario Provincial Championship,1
5036,2022oncmp,FIRST Ontario Provincial Championship,1
5406,2022oncmp,FIRST Ontario Provincial Championship,1
5409,2022oncmp,FIRST Ontario Provincial Championship,1
5483,2022oncmp,FIRST Ontario Provincial Championship,0.0789474
5672,2022oncmp,FIRST Ontario Provincial Championship,1
5689,2022oncmp,FIRST Ontario Provincial Championship,0.0789474
5719,2022oncmp,FIRST Ontario Provincial Championship,0.0789474
5834,2022oncmp,FIRST Ontario Provincial Championship,0.0789474
5885,2022oncmp,FIRST Ontario Provincial Championship,0.0789474
5911,2022oncmp,FIRST Ontario Provincial Championship,0.0789474
6070,2022oncmp,FIRST Ontario Provincial Championship,0.0789474
610,2022oncmp,FIRST Ontario Provincial Championship,1
6110,2022oncmp,FIRST Ontario Provincial Championship,0.0789474
6135,2022oncmp,FIRST Ontario Provincial Championship,1
6141,2022oncmp,FIRST Ontario Provincial Championship,0.0789474
6162,2022oncmp,FIRST Ontario Provincial Championship,1
6323,2022oncmp,FIRST Ontario Provincial Championship,1
6331,2022oncmp,FIRST Ontario Provincial Championship,1
6397,2022oncmp,FIRST Ontario Provincial Championship,1
6514,2022oncmp,FIRST Ontario Provincial Championship,0.0789474
6854,2022oncmp,FIRST Ontario Provincial Championship,0.0789474
6859,2022oncmp,FIRST Ontario Provincial Championship,1
6864,2022oncmp,FIRST Ontario Provincial Championship,1
6865,2022oncmp,FIRST Ontario Provincial Championship,1
6866,2022oncmp,FIRST Ontario Provincial Championship,0.0789474
6867,2022oncmp,FIRST Ontario Provincial Championship,0.0789474
6875,2022oncmp,FIRST Ontario Provincial Championship,1
6978,2022oncmp,FIRST Ontario Provincial Championship,1
6992,2022oncmp,FIRST Ontario Provincial Championship,0.0789474
7136,2022oncmp,FIRST Ontario Provincial Championship,0.0789474
7200,2022oncmp,FIRST Ontario Provincial Championship,0.0789474
7456,2022oncmp,FIRST Ontario Provincial Championship,0.0789474
746,2022oncmp,FIRST Ontario Provincial Championship,0.0789474
7475,2022oncmp,FIRST Ontario Provincial Championship,0.0789474
7476,2022oncmp,FIRST Ontario Provincial Championship,0.0789474
7480,2022oncmp,FIRST Ontario Provincial Championship,1
7509,2022oncmp,FIRST Ontario Provincial Championship,0.0789474
7520,2022oncmp,FIRST Ontario Provincial Championship,1
7558,2022oncmp,FIRST Ontario Provincial Championship,0.0789474
7603,2022oncmp,FIRST Ontario Provincial Championship,0.0789474
7623,2022oncmp,FIRST Ontario Provincial Championship,1
7659,2022oncmp,FIRST Ontario Provincial Championship,1
771,2022oncmp,FIRST Ontario Provincial Championship,1
7712,2022oncmp,FIRST Ontario Provincial Championship,0.0789474
772,2022oncmp,FIRST Ontario Provincial Championship,1
7735,2022oncmp,FIRST Ontario Provincial Championship,0.0789474
7757,2022oncmp,FIRST Ontario Provincial Championship,1
781,2022oncmp,FIRST Ontario Provincial Championship,1
7902,2022oncmp,FIRST Ontario Provincial Championship,1
8081,2022oncmp,FIRST Ontario Provincial Championship,1
8089,2022oncmp,FIRST Ontario Provincial Championship,1
8349,2022oncmp,FIRST Ontario Provincial Championship,1
854,2022oncmp,FIRST Ontario Provincial Championship,0.0789474
8574,2022oncmp,FIRST Ontario Provincial Championship,1
865,2022oncmp,FIRST Ontario Provincial Championship,1
8729,2022oncmp,FIRST Ontario Provincial Championship,1
8731,2022oncmp,FIRST Ontario Provincial Championship,1
8735,2022oncmp,FIRST Ontario Provincial Championship,1
8764,2022oncmp,FIRST Ontario Provincial Championship,1
8765,2022oncmp,FIRST Ontario Provincial Championship,1
8789,2022oncmp,FIRST Ontario Provincial Championship,1
8850,2022oncmp,FIRST Ontario Provincial Championship,1
8867,2022oncmp,FIRST Ontario Provincial Championship,1
8884,2022oncmp,FIRST Ontario Provincial Championship,1
914,2022oncmp,FIRST Ontario Provincial Championship,1
919,2022oncmp,FIRST Ontario Provincial Championship,0.0789474
1002,2022gacmp,Peachtree District State Championship,0
1261,2022gacmp,Peachtree District State Championship,1
1311,2022gacmp,Peachtree District State Championship,1
1414,2022gacmp,Peachtree District State Championship,1
1648,2022gacmp,Peachtree District State Championship,1
1683,2022gacmp,Peachtree District State Championship,1
1746,2022gacmp,Peachtree District State Championship,1
1771,2022gacmp,Peachtree District State Championship,1
1795,2022gacmp,Peachtree District State Championship,0
2415,2022gacmp,Peachtree District State Championship,0
2974,2022gacmp,Peachtree District State Championship,1
3091,2022gacmp,Peachtree District State Championship,0
3329,2022gacmp,Peachtree District State Championship,0
3344,2022gacmp,Peachtree District State Championship,1
3581,2022gacmp,Peachtree District State Championship,0
3635,2022gacmp,Peachtree District State Championship,1
3815,2022gacmp,Peachtree District State Championship,0
4026,2022gacmp,Peachtree District State Championship,0
4112,2022gacmp,Peachtree District State Championship,0
4188,2022gacmp,Peachtree District State Championship,1
4189,2022gacmp,Peachtree District State Championship,1
4459,2022gacmp,Peachtree District State Championship,0
4509,2022gacmp,Peachtree District State Championship,1
4516,2022gacmp,Peachtree District State Championship,0
4701,2022gacmp,Peachtree District State Championship,1
4730,2022gacmp,Peachtree District State Championship,0
4941,2022gacmp,Peachtree District State Championship,0
5074,2022gacmp,Peachtree District State Championship,0
5109,2022gacmp,Peachtree District State Championship,0
5219,2022gacmp,Peachtree District State Championship,0
5293,2022gacmp,Peachtree District State Championship,0
5332,2022gacmp,Peachtree District State Championship,0
5632,2022gacmp,Peachtree District State Championship,1
5651,2022gacmp,Peachtree District State Championship,0
5828,2022gacmp,Peachtree District State Championship,0
5848,2022gacmp,Peachtree District State Championship,0
5900,2022gacmp,Peachtree District State Championship,1
6023,2022gacmp,Peachtree District State Championship,0
6340,2022gacmp,Peachtree District State Championship,1
6341,2022gacmp,Peachtree District State Championship,1
6471,2022gacmp,Peachtree District State Championship,0
6705,2022gacmp,Peachtree District State Championship,1
6712,2022gacmp,Peachtree District State Championship,0
6829,2022gacmp,Peachtree District State Championship,1
6887,2022gacmp,Peachtree District State Championship,0
6905,2022gacmp,Peachtree District State Championship,0
6910,2022gacmp,Peachtree District State Championship,1
6919,2022gacmp,Peachtree District State Championship,1
6925,2022gacmp,Peachtree District State Championship,1
7104,2022gacmp,Peachtree District State Championship,0
7315,2022gacmp,Peachtree District State Championship,1
7451,2022gacmp,Peachtree District State Championship,1
7470,2022gacmp,Peachtree District State Championship,1
7538,2022gacmp,Peachtree District State Championship,0
7676,2022gacmp,Peachtree District State Championship,0
8080,2022gacmp,Peachtree District State Championship,1
8083,2022gacmp,Peachtree District State Championship,1
8100,2022gacmp,Peachtree District State Championship,0
832,2022gacmp,Peachtree District State Championship,1
8577,2022gacmp,Peachtree District State Championship,0
8736,2022gacmp,Peachtree District State Championship,1
8761,2022gacmp,Peachtree District State Championship,0
8815,2022gacmp,Peachtree District State Championship,0
8849,2022gacmp,Peachtree District State Championship,1
8865,2022gacmp,Peachtree District State Championship,0
8866,2022gacmp,Peachtree District State Championship,1
8872,2022gacmp,Peachtree District State Championship,0
1258,2022pncmp,Pacific Northwest FIRST District Championship,0
1294,2022pncmp,Pacific Northwest FIRST District Championship,1
1318,2022pncmp,Pacific Northwest FIRST District Championship,0
1359,2022pncmp,Pacific Northwest FIRST District Championship,1
1425,2022pncmp,Pacific Northwest FIRST District Championship,1
1432,2022pncmp,Pacific Northwest FIRST District Championship,1
1540,2022pncmp,Pacific Northwest FIRST District Championship,1
1595,2022pncmp,Pacific Northwest FIRST District Championship,1
1778,2022pncmp,Pacific Northwest FIRST District Championship,0
1899,2022pncmp,Pacific Northwest FIRST District Championship,1
1983,2022pncmp,Pacific Northwest FIRST District Championship,0
2046,2022pncmp,Pacific Northwest FIRST District Championship,1
2097,2022pncmp,Pacific Northwest FIRST District Championship,0
2147,2022pncmp,Pacific Northwest FIRST District Championship,1
2374,2022pncmp,Pacific Northwest FIRST District Championship,0
2412,2022pncmp,Pacific Northwest FIRST District Championship,1
2471,2022pncmp,Pacific Northwest FIRST District Championship,1
2521,2022pncmp,Pacific Northwest FIRST District Championship,1
2522,2022pncmp,Pacific Northwest FIRST District Championship,1
2557,2022pncmp,Pacific Northwest FIRST District Championship,1
2635,2022pncmp,Pacific Northwest FIRST District Championship,1
2733,2022pncmp,Pacific Northwest FIRST District Championship,0
2811,2022pncmp,Pacific Northwest FIRST District Championship,1
2898,2022pncmp,Pacific Northwest FIRST District Championship,0
2903,2022pncmp,Pacific Northwest FIRST District Championship,0
2906,2022pncmp,Pacific Northwest FIRST District Championship,0
2907,2022pncmp,Pacific Northwest FIRST District Championship,0
2910,2022pncmp,Pacific Northwest FIRST District Championship,1
2915,2022pncmp,Pacific Northwest FIRST District Championship,0
2926,2022pncmp,Pacific Northwest FIRST District Championship,0
2927,2022pncmp,Pacific Northwest FIRST District Championship,0
2928,2022pncmp,Pacific Northwest FIRST District Championship,1
2929,2022pncmp,Pacific Northwest FIRST District Championship,0
2930,2022pncmp,Pacific Northwest FIRST District Championship,1
2976,2022pncmp,Pacific Northwest FIRST District Championship,1
2980,2022pncmp,Pacific Northwest FIRST District Championship,0
2990,2022pncmp,Pacific Northwest FIRST District Championship,1
3024,2022pncmp,Pacific Northwest FIRST District Championship,0
3049,2022pncmp,Pacific Northwest FIRST District Championship,0
3070,2022pncmp,Pacific Northwest FIRST District Championship,0
3131,2022pncmp,Pacific Northwest FIRST District Championship,0
3218,2022pncmp,Pacific Northwest FIRST District Championship,1
3219,2022pncmp,Pacific Northwest FIRST District Championship,0
3268,2022pncmp,Pacific Northwest FIRST District Championship,0
3393,2022pncmp,Pacific Northwest FIRST District Championship,0
3588,2022pncmp,Pacific Northwest FIRST District Championship,0
360,2022pncmp,Pacific Northwest FIRST District Championship,1
3636,2022pncmp,Pacific Northwest FIRST District Championship,1
3663,2022pncmp,Pacific Northwest FIRST District Championship,1
3673,2022pncmp,Pacific Northwest FIRST District Championship,0
3674,2022pncmp,Pacific Northwest FIRST District Championship,1
3681,2022pncmp,Pacific Northwest FIRST District Championship,0
3711,2022pncmp,Pacific Northwest FIRST District Championship,1
3712,2022pncmp,Pacific Northwest FIRST District Championship,0
3786,2022pncmp,Pacific Northwest FIRST District Championship,1
3812,2022pncmp,Pacific Northwest FIRST District Championship,0
3826,2022pncmp,Pacific Northwest FIRST District Championship,0
3876,2022pncmp,Pacific Northwest FIRST District Championship,0
4043,2022pncmp,Pacific Northwest FIRST District Championship,0
4057,2022pncmp,Pacific Northwest FIRST District Championship,0
4060,2022pncmp,Pacific Northwest FIRST District Championship,0
4061,2022pncmp,Pacific Northwest FIRST District Championship,0
4089,2022pncmp,Pacific Northwest FIRST District Championship,1
4104,2022pncmp,Pacific Northwest FIRST District Championship,0
4125,2022pncmp,Pacific Northwest FIRST District Championship,1
4127,2022pncmp,Pacific Northwest FIRST District Championship,0
4131,2022pncmp,Pacific Northwest FIRST District Championship,1
4173,2022pncmp,Pacific Northwest FIRST District Championship,0
4180,2022pncmp,Pacific Northwest FIRST District Championship,0
4205,2022pncmp,Pacific Northwest FIRST District Championship,0
4309,2022pncmp,Pacific Northwest FIRST District Championship,0
4450,2022pncmp,Pacific Northwest FIRST District Championship,0
4469,2022pncmp,Pacific Northwest FIRST District Championship,0
4488,2022pncmp,Pacific Northwest FIRST District Championship,1
4512,2022pncmp,Pacific Northwest FIRST District Championship,1
4513,2022pncmp,Pacific Northwest FIRST District Championship,1
4579,2022pncmp,Pacific Northwest FIRST District Championship,0
4662,2022pncmp,Pacific Northwest FIRST District Championship,0
4681,2022pncmp,Pacific Northwest FIRST District Championship,0
4682,2022pncmp,Pacific Northwest FIRST District Championship,0
4692,2022pncmp,Pacific Northwest FIRST District Championship,0
488,2022pncmp,Pacific Northwest FIRST District Championship,1
4911,2022pncmp,Pacific Northwest FIRST District Championship,1
4915,2022pncmp,Pacific Northwest FIRST District Championship,1
4918,2022pncmp,Pacific Northwest FIRST District Championship,0
492,2022pncmp,Pacific Northwest FIRST District Championship,1
4980,2022pncmp,Pacific Northwest FIRST District Championship,0
5295,2022pncmp,Pacific Northwest FIRST District Championship,0
5450,2022pncmp,Pacific Northwest FIRST District Championship,0
5468,2022pncmp,Pacific Northwest FIRST District Championship,0
5588,2022pncmp,Pacific Northwest FIRST District Championship,0
568,2022pncmp,Pacific Northwest FIRST District Championship,1
5683,2022pncmp,Pacific Northwest FIRST District Championship,0
5827,2022pncmp,Pacific Northwest FIRST District Championship,1
5920,2022pncmp,Pacific Northwest FIRST District Championship,1
5937,2022pncmp,Pacific Northwest FIRST District Championship,0
5941,2022pncmp,Pacific Northwest FIRST District Championship,0
5970,2022pncmp,Pacific Northwest FIRST District Championship,0
5975,2022pncmp,Pacific Northwest FIRST District Championship,0
6076,2022pncmp,Pacific Northwest FIRST District Championship,0
6343,2022pncmp,Pacific Northwest FIRST District Championship,0
6350,2022pncmp,Pacific Northwest FIRST District Championship,1
6443,2022pncmp,Pacific Northwest FIRST District Championship,0
6465,2022pncmp,Pacific Northwest FIRST District Championship,0
6696,2022pncmp,Pacific Northwest FIRST District Championship,0
6831,2022pncmp,Pacific Northwest FIRST District Championship,1
6845,2022pncmp,Pacific Northwest FIRST District Championship,0
7034,2022pncmp,Pacific Northwest FIRST District Championship,1
7461,2022pncmp,Pacific Northwest FIRST District Championship,1
753,2022pncmp,Pacific Northwest FIRST District Championship,0
7627,2022pncmp,Pacific Northwest FIRST District Championship,0
8032,2022pncmp,Pacific Northwest FIRST District Championship,0
8051,2022pncmp,Pacific Northwest FIRST District Championship,0
8248,2022pncmp,Pacific Northwest FIRST District Championship,1
8302,2022pncmp,Pacific Northwest FIRST District Championship,0
8303,2022pncmp,Pacific Northwest FIRST District Championship,0
8386,2022pncmp,Pacific Northwest FIRST District Championship,0
8532,2022pncmp,Pacific Northwest FIRST District Championship,1
8896,2022pncmp,Pacific Northwest FIRST District Championship,0
948,2022pncmp,Pacific Northwest FIRST District Championship,0
949,2022pncmp,Pacific Northwest FIRST District Championship,0
955,2022pncmp,Pacific Northwest FIRST District Championship,1
957,2022pncmp,Pacific Northwest FIRST District Championship,1
997,2022pncmp,Pacific Northwest FIRST District Championship,1
